{"options":{"check_for_updates":true,"comment":null,"compatopts_for_requires":true,"compat_wrappedjsobject":false,"compat_metadata":false,"compat_foreach":false,"compat_prototypes":false,"noframes":null,"run_at":null,"override":{"use_includes":[],"orig_includes":["*www.baidu.com*","*tieba.baidu.com*","*v.baidu.com*","*xueshu.baidu.com*","*www.google.*","*docs.google.*","*mail.google.*","*play.google.*","*youtube.com/watch?v=*","*youtube.com/channel/*","*encrypted.google.com*","*www.so.com*","*www.zhihu.com*","*daily.zhihu.com*","*zhuanlan.zhihu.com*","*weibo.com*","*twitter.com*","*www.sogou.com*","*juejin.im*","*juejin.cn*","*mail.qq.com*","*addons.mozilla.org*","*www.jianshu.com*","*www.douban.com*","*getpocket.com*","*www.dogedoge.com*","*51.ruyo.net*","*steamcommunity.com*","*mijisou.com*","*blog.csdn.net*","*.oschina.net*","*app.yinxiang.com*"],"merge_includes":true,"use_matches":[],"orig_matches":[],"merge_matches":true,"use_excludes":[],"orig_excludes":[],"merge_excludes":true,"use_connects":["www.baidu.com","answers.microsoft.com","dngswin10.com","baidu.com","*"],"merge_connects":true,"use_blockers":[],"orig_run_at":"document-start","orig_noframes":null,"orig_connects":["www.baidu.com","*"]}},"settings":{"enabled":true,"position":5},"meta":{"name":"anti-redirect","uuid":"00d9912c-19c6-42e0-bfb0-678bf8db4d32","modified":1629120777735,"file_url":"https://greasyfork.org/scripts/11915-anti-redirect/code/anti-redirect.user.js"}}