{"data":{"pv-prefs":"s{\"floatBar.position\":\"top left\",\"floatBar.showDelay\":366,\"floatBar.hideDelay\":566,\"floatBar.forceShow.size.w\":50,\"floatBar.forceShow.size.h\":50,\"floatBar.minSizeLimit.w\":50,\"floatBar.minSizeLimit.h\":50,\"floatBar.sizeLimitOr\":false,\"floatBar.butonOrder\":\"actual, current, gallery, magnifier\",\"floatBar.listenBg\":true,\"floatBar.keys.enable\":false,\"floatBar.keys.actual\":\"a\",\"floatBar.keys.current\":\"c\",\"floatBar.keys.magnifier\":\"m\",\"floatBar.keys.gallery\":\"g\",\"magnifier.radius\":77,\"magnifier.wheelZoom.enabled\":true,\"magnifier.wheelZoom.range\":\"0.4, 0.5, 0.6, 0.7, 0.8, 0.9, 1, 1.1, 1.2, 1.3, 1.4, 1.5, 1.7, 1.9, 2, 2.5, 3, 4\",\"gallery.fitToScreen\":true,\"gallery.fitToScreenSmall\":false,\"gallery.scrollEndToChange\":true,\"gallery.exportType\":\"grid\",\"gallery.loadMore\":false,\"gallery.loadAll\":true,\"gallery.scaleSmallSize\":250,\"gallery.showSmallSize\":true,\"gallery.transition\":true,\"gallery.sidebarPosition\":\"bottom\",\"gallery.sidebarSize\":120,\"gallery.max\":5,\"gallery.autoZoom\":true,\"gallery.descriptionLength\":32,\"gallery.autoOpenSites\":\"\",\"gallery.editSite\":\"Pixlr\",\"imgWindow.fitToScreen\":false,\"imgWindow.close.defaultTool\":\"hand\",\"imgWindow.close.escKey\":true,\"imgWindow.close.dblClickImgWindow\":true,\"imgWindow.close.clickOutside\":\"\",\"imgWindow.overlayer.shown\":false,\"imgWindow.overlayer.color\":\"rgba(0,0,0,0.8)\",\"imgWindow.shiftRotateStep\":15,\"imgWindow.zoom.mouseWheelZoom\":true,\"imgWindow.zoom.range\":\"0.1, 0.2, 0.3, 0.4, 0.5, 0.6, 0.7, 0.8, 0.9, 1, 1.1, 1.2, 1.3, 1.4, 1.5, 1.7, 1.9, 2, 2.5, 3, 4\",\"waitImgLoad\":false,\"debug\":false}"},"ts":1627803161347}