{"options":{"check_for_updates":true,"comment":null,"compatopts_for_requires":true,"compat_wrappedjsobject":false,"compat_metadata":false,"compat_foreach":false,"compat_prototypes":false,"noframes":null,"run_at":null,"override":{"use_includes":[],"orig_includes":[],"merge_includes":true,"use_matches":[],"orig_matches":["https://pan.baidu.com/*","*://pan.baidu.com/*"],"merge_matches":true,"use_excludes":[],"orig_excludes":[],"merge_excludes":true,"use_connects":[],"merge_connects":true,"use_blockers":[],"orig_run_at":"document-idle","orig_noframes":null,"orig_connects":["kejixin.cn","biubiu00.cn","cjshtg.xyz","edgjy.xyz","cjbshtg.xyz","gudu00.xyz","piupiu00.xyz"]}},"settings":{"enabled":true,"position":14},"meta":{"name":"百度网盘直链极速下载助手（全新版本）","uuid":"d4a65855-da9a-449b-b69e-e2f6172dcbfe","modified":1639560076998,"file_url":"https://greasyfork.org/scripts/436053-%E7%99%BE%E5%BA%A6%E7%BD%91%E7%9B%98%E7%9B%B4%E9%93%BE%E6%9E%81%E9%80%9F%E4%B8%8B%E8%BD%BD%E5%8A%A9%E6%89%8B-%E5%85%A8%E6%96%B0%E7%89%88%E6%9C%AC/code/%E7%99%BE%E5%BA%A6%E7%BD%91%E7%9B%98%E7%9B%B4%E9%93%BE%E6%9E%81%E9%80%9F%E4%B8%8B%E8%BD%BD%E5%8A%A9%E6%89%8B%EF%BC%88%E5%85%A8%E6%96%B0%E7%89%88%E6%9C%AC%EF%BC%89.user.js"}}