{"options":{"check_for_updates":true,"comment":null,"compatopts_for_requires":true,"compat_wrappedjsobject":false,"compat_metadata":false,"compat_foreach":false,"compat_prototypes":false,"noframes":null,"run_at":null,"override":{"use_includes":[],"orig_includes":[],"merge_includes":true,"use_matches":[],"orig_matches":["*://tieba.baidu.com/p/*","*://tieba.baidu.com/f?*"],"merge_matches":true,"use_excludes":[],"orig_excludes":["*://tieba.baidu.com/f?*kw=*"],"merge_excludes":true,"use_connects":[],"merge_connects":true,"use_blockers":[],"orig_run_at":"document-idle","orig_noframes":null,"orig_connects":[]}},"settings":{"enabled":true,"position":4},"meta":{"name":"百度贴吧图片点击放大","uuid":"fbef6095-1fa8-4767-be71-a37552e8fcd4","modified":1609254703554,"file_url":"https://greasyfork.org/scripts/20969-%E7%99%BE%E5%BA%A6%E8%B4%B4%E5%90%A7%E5%9B%BE%E7%89%87%E7%82%B9%E5%87%BB%E6%94%BE%E5%A4%A7/code/%E7%99%BE%E5%BA%A6%E8%B4%B4%E5%90%A7%E5%9B%BE%E7%89%87%E7%82%B9%E5%87%BB%E6%94%BE%E5%A4%A7.user.js"}}