{"options":{"check_for_updates":true,"comment":null,"compatopts_for_requires":true,"compat_wrappedjsobject":false,"compat_metadata":false,"compat_foreach":false,"compat_arrayleft":false,"compat_uW_gmonkey":false,"compat_forvarin":false,"noframes":null,"awareOfChrome":false,"run_at":null,"override":{"use_includes":[],"orig_includes":[],"merge_includes":true,"use_matches":[],"orig_matches":["*://photo.weibo.com/*"],"merge_matches":true,"use_excludes":[],"orig_excludes":[],"merge_excludes":true,"use_connects":[],"merge_connects":true,"use_blockers":[],"orig_run_at":"document-idle","orig_noframes":null,"orig_connects":[]}},"settings":{"enabled":true,"position":15},"meta":{"name":"WeiboDL 异步增强版","uuid":"931d3c66-1223-42e4-8e3f-d49ccf142401","modified":1609649319352,"file_url":"https://greasyfork.org/scripts/369485-weibodl-%E5%BC%82%E6%AD%A5%E5%A2%9E%E5%BC%BA%E7%89%88/code/WeiboDL%20%E5%BC%82%E6%AD%A5%E5%A2%9E%E5%BC%BA%E7%89%88.user.js"}}