{"options":{"check_for_updates":true,"comment":null,"compatopts_for_requires":true,"compat_wrappedjsobject":false,"compat_metadata":false,"compat_foreach":false,"compat_arrayleft":false,"compat_uW_gmonkey":false,"compat_forvarin":false,"noframes":null,"awareOfChrome":false,"run_at":null,"override":{"use_includes":[],"orig_includes":[],"merge_includes":true,"use_matches":[],"orig_matches":["*://www.youtube.com/watch?v=*","*://www.youtube.com","*://www.youtube.com/*"],"merge_matches":true,"use_excludes":[],"orig_excludes":[],"merge_excludes":true,"use_connects":[],"merge_connects":true,"use_blockers":[],"orig_run_at":"document-idle","orig_noframes":null,"orig_connects":[]}},"settings":{"enabled":true,"position":18},"meta":{"name":"Youtube double language subtitle / Youtube 双语字幕","uuid":"3a6ada33-5322-46b0-9e76-20bf3ee471eb","modified":1610694550480,"file_url":"https://greasyfork.org/scripts/397363-youtube-double-language-subtitle-youtube-%E5%8F%8C%E8%AF%AD%E5%AD%97%E5%B9%95/code/Youtube%20double%20language%20subtitle%20%20Youtube%20%E5%8F%8C%E8%AF%AD%E5%AD%97%E5%B9%95.user.js"}}