{"options":{"check_for_updates":true,"comment":null,"compatopts_for_requires":true,"compat_wrappedjsobject":false,"compat_metadata":false,"compat_foreach":false,"compat_arrayleft":false,"compat_uW_gmonkey":false,"compat_forvarin":false,"noframes":null,"awareOfChrome":false,"run_at":null,"override":{"use_includes":[],"orig_includes":["https://*youtube.com/*"],"merge_includes":true,"use_matches":[],"orig_matches":[],"merge_matches":true,"use_excludes":[],"orig_excludes":[],"merge_excludes":true,"use_connects":["video.google.com"],"merge_connects":true,"use_blockers":[],"orig_run_at":"document-idle","orig_noframes":null,"orig_connects":[]}},"settings":{"enabled":false,"position":17},"meta":{"name":"Youtube 翻译中文字幕下载 v10","uuid":"c251da23-26e6-4c63-a2c7-1e17fc435b85","modified":1610691470538,"file_url":"https://greasyfork.org/scripts/38941-youtube-%E7%BF%BB%E8%AF%91%E4%B8%AD%E6%96%87%E5%AD%97%E5%B9%95%E4%B8%8B%E8%BD%BD-v10/code/Youtube%20%E7%BF%BB%E8%AF%91%E4%B8%AD%E6%96%87%E5%AD%97%E5%B9%95%E4%B8%8B%E8%BD%BD%20v10.user.js"}}