{"options":{"check_for_updates":true,"comment":null,"compatopts_for_requires":true,"compat_wrappedjsobject":false,"compat_metadata":false,"compat_foreach":false,"compat_prototypes":false,"noframes":null,"run_at":null,"override":{"use_includes":[],"orig_includes":["*://pan.baidu.com/disk/home*","*://yun.baidu.com/disk/home*","*://pan.baidu.com/s*","*://yun.baidu.com/s*","*://pan.baidu.com/share/*","*://yun.baidu.com/share/*","*.youku.com/v*","*m.youku.com/*","*.iqiyi.com/v_*","*.iqiyi.com/w_*","*.iqiyi.com/a_*","*.le.com/ptv/vplay/*","*v.qq.com/x/*","*v.qq.com/p*","*v.qq.com/cover*","*v.qq.com/tv/*","*.tudou.com/listplay/*","*.tudou.com/albumplay/*","*.tudou.com/programs/view/*","*.tudou.com/v*","*.mgtv.com/b/*","*tv.sohu.com/*","*film.sohu.com/album/*","*.bilibili.com/video/*","*.bilibili.com/anime/*","*.bilibili.com/bangumi/play/*","*.bilibili.com/s/*","*.pptv.com/show/*","*.wasu.cn/Play/show*","*v.yinyuetai.com/video/*","*v.yinyuetai.com/playlist/*","*://item.taobao.com/*","*://*detail.tmall.com/*","*://*detail.tmall.hk/*","*://*.liangxinyao.com/*","*music.163.com/*","*://y.qq.com/portal*","*://y.qq.com/n/ryqq/player","*://i.y.qq.com/*","*://*.kugou.com/*","*://*kuwo.cn/*","*://*.xiami.com/*","*://music.taihe.com/song*","*://*.1ting.com/player*","*://music.migu.cn/v*","*://*.lizhi.fm/*","*://*.qingting.fm/*","*://*.ximalaya.com/*"],"merge_includes":true,"use_matches":[],"orig_matches":[],"merge_matches":true,"use_excludes":[],"orig_excludes":["*://*.eggvod.cn/*"],"merge_excludes":true,"use_connects":[],"merge_connects":true,"use_blockers":[],"orig_run_at":"document-idle","orig_noframes":null,"orig_connects":["d.pcs.baidu.com","baidu.com","baidupcs.com","baiduyun.wiki","localhost"]}},"settings":{"enabled":false,"position":10},"meta":{"name":"懒人专用，全网VIP视频免费破解去广告、全网音乐直接下载、百度网盘直接下载等多合一版。长期更新，放心使用。","uuid":"a08e4995-6ac2-4fc5-87a6-e550071d26a9","modified":1621397482998,"file_url":"https://greasyfork.org/scripts/370634-%E6%87%92%E4%BA%BA%E4%B8%93%E7%94%A8-%E5%85%A8%E7%BD%91vip%E8%A7%86%E9%A2%91%E5%85%8D%E8%B4%B9%E7%A0%B4%E8%A7%A3%E5%8E%BB%E5%B9%BF%E5%91%8A-%E5%85%A8%E7%BD%91%E9%9F%B3%E4%B9%90%E7%9B%B4%E6%8E%A5%E4%B8%8B%E8%BD%BD-%E7%99%BE%E5%BA%A6%E7%BD%91%E7%9B%98%E7%9B%B4%E6%8E%A5%E4%B8%8B%E8%BD%BD%E7%AD%89%E5%A4%9A%E5%90%88%E4%B8%80%E7%89%88-%E9%95%BF%E6%9C%9F%E6%9B%B4%E6%96%B0-%E6%94%BE%E5%BF%83%E4%BD%BF%E7%94%A8/code/%E6%87%92%E4%BA%BA%E4%B8%93%E7%94%A8%EF%BC%8C%E5%85%A8%E7%BD%91VIP%E8%A7%86%E9%A2%91%E5%85%8D%E8%B4%B9%E7%A0%B4%E8%A7%A3%E5%8E%BB%E5%B9%BF%E5%91%8A%E3%80%81%E5%85%A8%E7%BD%91%E9%9F%B3%E4%B9%90%E7%9B%B4%E6%8E%A5%E4%B8%8B%E8%BD%BD%E3%80%81%E7%99%BE%E5%BA%A6%E7%BD%91%E7%9B%98%E7%9B%B4%E6%8E%A5%E4%B8%8B%E8%BD%BD%E7%AD%89%E5%A4%9A%E5%90%88%E4%B8%80%E7%89%88%E3%80%82%E9%95%BF%E6%9C%9F%E6%9B%B4%E6%96%B0%EF%BC%8C%E6%94%BE%E5%BF%83%E4%BD%BF%E7%94%A8%E3%80%82.user.js"}}