{
	"ClipboardManager": {
		"Menu": [{
			"Actions": [
				["Execute", "https://www.google.com/search?hl=en&btnI&q=%clipboard%"]
			],
			"Name": "谷歌好手气(&C)",
			"Valid": true
		}, {
			"Actions": [
				["Execute", "https://www.baidu.com/s?ie=UTF-8&wd=%clipboard%"]
			],
			"Name": "百度搜索(&B)",
			"Valid": true
		}, {
			"Actions": [
				["Execute", "https://www.google.com/search?hl=zh-CN&lr=lang_zh-CN&q=%clipboard%"]
			],
			"Name": "谷歌中文(&G)",
			"Valid": true
		}, {
			"Actions": [
				["Execute", "https://www.google.com/search?hl=en&lr=lang_en&q=%clipboard%"]
			],
			"Name": "谷歌英文(&H)",
			"Valid": true
		}, {
			"Actions": [
				["Execute", "https://www.google.com/search?tbm=isch&q=%clipboard%"]
			],
			"Name": "谷歌图片(&I)",
			"Valid": true
		}, {
			"Actions": [],
			"Name": "",
			"Valid": true
		}, {
			"Actions": [
				["Execute", "https://dict.eudic.net/dicts/en/%clipboard%"]
			],
			"Name": "欧路词典(&D)",
			"Valid": true
		}, {
			"Actions": [
				["Execute", "https://translate.google.com/?source=osdd#auto|auto|%clipboard%"]
			],
			"Name": "谷歌翻译(&F)",
			"Valid": true
		}, {
			"Actions": [
				["Execute", "https://fanyi.baidu.com/#en/zh/%clipboard%"]
			],
			"Name": "百度翻译(&T)",
			"Valid": true
		}, {
			"Actions": [],
			"Name": "",
			"Valid": false
		}, {
			"Actions": [
				["Algorithm", "b64decode", "%clipboard%"]
			],
			"Name": "base64解码",
			"Valid": false
		}, {
			"Actions": [
				["Algorithm", "b64encode", "%clipboard%"]
			],
			"Name": "base64编码",
			"Valid": false
		}, {
			"Actions": [
				["Algorithm", "urlencode", "%clipboard%"]
			],
			"Name": "urlencode",
			"Valid": false
		}, {
			"Actions": [
				["Algorithm", "urldecode", "%clipboard%"]
			],
			"Name": "urldecode",
			"Valid": false
		}, {
			"Actions": [
				["Algorithm", "cyberchef", "%clipboard%"]
			],
			"Name": "CyberChef(&C)",
			"Valid": false
		}, {
			"Actions": [],
			"Name": "",
			"Valid": true
		}, {
			"Actions": [
				["Algorithm", "md5", "%clipboard%"]
			],
			"Name": "md5",
			"Valid": true
		}, {
			"Actions": [
				["Algorithm", "sha1", "%clipboard%"]
			],
			"Name": "sha1",
			"Valid": false
		}, {
			"Actions": [
				["Algorithm", "sha256", "%clipboard%"]
			],
			"Name": "sha256",
			"Valid": false
		}, {
			"Actions": [
				["Algorithm", "qrcode", "%clipboard%"]
			],
			"Name": "二维码",
			"Valid": true
		}],
		"Open": true
	},
	"Excludes": ["Photoshop.exe", "firefox.exe", "chrome.exe"],
	"Gestures": [{
		"Data": [0, 259, 0, 247, 0, 237, 0, 224, 0, 203, 0, 169, 0, 140, 0, 106, 0, 96, 1, 63, 2, 34, 2, 13, 3, 0],
		"Sign": "UP"
	}, {
		"Data": [0, 0, 0, 13, 0, 26, 0, 44, 0, 56, 0, 66, 0, 76, 0, 89, 0, 99],
		"Sign": "DOWN"
	}, {
		"Data": [239, 0, 226, 0, 216, 0, 202, 1, 98, 1, 88, 1, 62, 1, 31, 1, 15, 1, 0, 1],
		"Sign": "LEFT"
	}, {
		"Data": [0, 1, 11, 1, 26, 1, 46, 2, 79, 3, 232, 0, 258, 0],
		"Sign": "RIGHT"
	}, {
		"Data": [0, 0, 2, 5, 5, 9, 12, 18, 16, 22, 20, 26, 24, 30, 29, 34, 33, 38, 37, 41, 41, 44, 45, 47, 49, 51, 53, 54],
		"Sign": "\\ DOWN"
	}, {
		"Data": [88, 77, 85, 73, 82, 69, 77, 64, 74, 60, 71, 56, 67, 52, 62, 48, 59, 44, 55, 41, 52, 37, 48, 34, 45, 30, 41, 27, 37, 24, 33, 20, 30, 16, 26, 13, 22, 10, 19, 6],
		"Sign": "\\ UP"
	}, {
		"Data": [707, 590, 717, 579, 728, 569, 741, 557, 765, 533, 795, 505, 805, 496, 872, 436, 905, 405, 917, 394, 949, 366, 977, 344, 998, 327],
		"Sign": "/ UP"
	}, {
		"Data": [1005, 292, 996, 301, 987, 309, 889, 398, 861, 422, 852, 430, 828, 452, 783, 500],
		"Sign": "/ DOWN"
	}, {
		"Data": [0, 27, 10, 56, 15, 72, 21, 94, 30, 119, 37, 144, 40, 161, 46, 181, 52, 195, 54, 209, 54, 221, 57, 230, 60, 246, 61, 256, 64, 270, 65, 277, 66, 284, 67, 288, 67, 291, 67, 293, 67, 288, 67, 281, 67, 272, 67, 262, 67, 250, 67, 238, 67, 224, 67, 209, 67, 191, 67, 170, 67, 145, 67, 121, 67, 96, 67, 75, 67, 60, 67, 43, 67, 33, 70, 22, 71, 13, 72, 6, 72, 0],
		"Sign": "DOWN-UP"
	}, {
		"Data": [0, 294, 2, 274, 2, 264, 2, 249, 2, 233, 2, 215, 2, 191, 4, 169, 4, 145, 5, 126, 9, 102, 11, 68, 15, 42, 17, 33, 18, 21, 18, 14, 19, 8, 21, 3, 21, 1, 21, 0, 21, 3, 21, 14, 21, 22, 21, 36, 21, 54, 23, 72, 27, 124, 32, 148, 35, 174, 40, 198, 42, 212, 43, 226, 47, 247, 47, 252, 48, 256, 49, 260, 49, 261, 49, 263, 51, 274, 51, 276, 51, 280, 51, 283, 51, 285, 51, 287, 51, 288, 51, 290, 52, 291, 52, 292, 52, 293, 52, 295, 52, 296, 52, 297, 52, 299],
		"Sign": "UP-DOWN"
	}, {
		"Data": [0, 0, 0, 31, 0, 45, 0, 60, 3, 76, 6, 88, 9, 100, 13, 113, 13, 123, 14, 130, 14, 137, 15, 143, 15, 150, 15, 155, 15, 160, 15, 165, 15, 171, 15, 175, 15, 178, 15, 180, 15, 182, 16, 183, 16, 186, 16, 187, 16, 190, 16, 192, 16, 194, 16, 196, 16, 197, 16, 198, 16, 201, 19, 201, 34, 201, 60, 201, 75, 201, 90, 201, 106, 201, 141, 201, 174, 206, 193, 208, 199, 208, 202, 208, 204, 208, 207, 208, 210, 208, 212, 208, 214, 208, 216, 208, 217, 208, 219, 208, 220, 208, 222, 208, 226, 208, 229, 208],
		"Sign": "DOWN-RIGHT"
	}, {
		"Data": [202, 0, 202, 15, 202, 20, 202, 29, 202, 37, 202, 49, 202, 61, 202, 76, 204, 90, 204, 105, 204, 121, 204, 134, 204, 148, 204, 162, 204, 172, 206, 181, 208, 193, 209, 200, 210, 206, 210, 211, 211, 214, 211, 215, 211, 218, 211, 219, 211, 220, 207, 220, 200, 220, 188, 220, 176, 220, 166, 220, 154, 220, 142, 220, 130, 220, 120, 220, 109, 220, 101, 220, 92, 220, 85, 220, 81, 221, 79, 221, 76, 221, 75, 221, 74, 221, 73, 221, 67, 221, 61, 221, 57, 221, 56, 221, 55, 221, 54, 221, 53, 221, 50, 221, 48, 221, 46, 221, 45, 221, 44, 221, 43, 221, 38, 221, 36, 221, 29, 221, 15, 221, 10, 221, 6, 221, 2, 221, 0, 222],
		"Sign": "DOWN-LEFT"
	}, {
		"Data": [0, 269, 25, 269, 36, 269, 49, 269, 65, 269, 81, 269, 98, 269, 117, 270, 134, 272, 149, 272, 161, 272, 172, 272, 180, 272, 184, 272, 189, 272, 195, 274, 199, 275, 204, 276, 212, 279, 215, 279, 216, 279, 216, 277, 212, 252, 205, 223, 204, 204, 204, 184, 204, 159, 204, 138, 204, 88, 199, 66, 198, 47, 193, 33, 191, 24, 187, 12, 186, 8, 186, 4, 185, 2, 185, 1, 185, 0],
		"Sign": "RIGHT-UP"
	}, {
		"Data": [0, 1, 21, 0, 35, 0, 50, 0, 65, 0, 84, 0, 102, 0, 119, 0, 133, 0, 141, 0, 150, 0, 153, 0, 155, 0, 156, 0, 157, 1, 157, 9, 157, 19, 157, 31, 157, 45, 157, 60, 157, 74, 157, 89, 157, 106, 157, 123, 157, 140, 157, 153, 157, 167, 157, 176, 157, 186, 157, 191, 157, 196, 157, 198],
		"Sign": "RIGHT-DOWN"
	}, {
		"Data": [0, 0, 26, 1, 35, 5, 47, 7, 63, 11, 82, 14, 101, 15, 123, 20, 146, 23, 160, 23, 171, 23, 183, 23, 194, 23, 204, 27, 216, 29, 227, 29, 236, 30, 241, 31, 248, 31, 251, 33, 252, 33, 244, 33, 222, 33, 208, 36, 196, 36, 182, 36, 168, 40, 156, 41, 130, 44, 109, 48, 90, 49, 77, 53, 67, 54, 58, 54, 48, 55, 39, 57, 32, 59, 26, 60, 22, 60, 19, 60, 18, 60, 17, 60, 16, 60, 15, 60, 13, 60, 10, 61, 9, 61, 7, 61, 5, 61, 2, 62],
		"Sign": "RIGHT-LEFT"
	}, {
		"Data": [261, 0, 231, 4, 216, 9, 200, 11, 187, 13, 169, 16, 156, 17, 139, 20, 123, 23, 109, 24, 94, 25, 80, 27, 69, 32, 59, 32, 50, 34, 44, 36, 39, 36, 36, 36, 34, 36, 28, 37, 25, 37, 18, 37, 13, 37, 8, 37, 4, 38, 2, 39, 1, 39, 0, 39, 2, 39, 11, 39, 26, 39, 37, 41, 49, 41, 59, 41, 73, 41, 86, 41, 98, 43, 111, 45, 121, 45, 130, 48, 142, 51, 153, 55, 167, 59, 179, 59, 191, 62, 200, 63, 208, 63, 214, 63, 216, 63, 219, 63, 220, 63, 221, 63, 222, 63, 224, 63, 228, 65, 235, 65, 241, 67, 246, 68, 250, 69, 252, 69, 253, 69, 254, 69, 256, 70, 268, 74, 277, 76, 286, 76, 288, 76, 290, 76],
		"Sign": "LEFT-RIGHT"
	}, {
		"Data": [230, 1, 219, 0, 207, 1, 189, 1, 176, 4, 164, 6, 154, 8, 140, 13, 127, 18, 115, 22, 104, 25, 95, 30, 84, 38, 76, 44, 64, 52, 53, 64, 46, 73, 40, 81, 33, 92, 22, 106, 15, 121, 9, 134, 4, 148, 1, 161, 1, 171, 0, 186, 0, 199, 0, 212, 0, 224, 1, 238, 3, 248, 8, 258, 14, 270, 21, 279, 28, 288, 39, 297, 50, 307, 62, 313, 74, 321, 85, 326, 95, 329, 107, 333, 117, 338, 130, 340, 140, 343, 150, 345, 160, 345, 170, 347, 181, 348, 194, 349, 204, 349, 214, 350, 224, 350, 234, 350, 244, 350],
		"Sign": "C"
	}, {
		"Data": [275, 9, 265, 6, 255, 3, 244, 2, 233, 2, 223, 2, 212, 1, 201, 1, 191, 1, 180, 1, 169, 0, 158, 1, 144, 1, 132, 2, 120, 2, 107, 4, 94, 7, 82, 9, 71, 15, 60, 22, 49, 30, 40, 37, 32, 44, 25, 52, 17, 62, 10, 73, 6, 84, 4, 95, 3, 105, 2, 116, 1, 128, 1, 138, 4, 149, 10, 157, 18, 166, 26, 172, 36, 178, 45, 183, 55, 188, 66, 192, 77, 197, 87, 199, 98, 202, 110, 205, 123, 209, 136, 210, 146, 212, 158, 215, 170, 217, 180, 220, 193, 224, 205, 228, 215, 231, 229, 234, 239, 239, 252, 244, 262, 247, 271, 252, 280, 260, 288, 268, 296, 276, 302, 286, 306, 296, 310, 307, 312, 317, 312, 327, 312, 337, 310, 348, 310, 358, 309, 369, 305, 379, 299, 387, 291, 394, 283, 404, 272, 412, 261, 419, 251, 422, 240, 425, 227, 429, 215, 432, 202, 434, 191, 434, 181, 434, 170, 434, 159, 434, 149, 435, 139, 435, 129, 435, 119, 435, 107, 435, 97, 435, 87, 435, 75, 435, 62, 435, 52, 433, 42, 432, 32, 432, 21, 432, 10, 430, 0, 427],
		"Sign": "S"
	}, {
		"Data": [0, 249, 3, 239, 3, 229, 2, 216, 2, 161, 2, 148, 2, 130, 2, 117, 2, 98, 2, 83, 3, 72, 4, 61, 4, 49, 6, 39, 6, 29, 7, 18, 14, 26, 19, 40, 27, 57, 37, 79, 51, 97, 63, 114, 75, 131, 84, 144, 93, 154, 99, 164, 108, 179, 115, 190, 122, 200, 129, 213, 138, 225, 145, 236, 151, 245, 153, 235, 153, 220, 153, 210, 153, 191, 153, 172, 155, 153, 156, 135, 154, 113, 154, 98, 154, 87, 154, 68, 154, 58, 154, 46, 154, 31, 154, 20, 154, 10, 154, 0],
		"Sign": "N"
	}, {
		"Data": [7, 362, 7, 352, 6, 338, 6, 289, 6, 277, 4, 249, 4, 237, 4, 220, 4, 209, 4, 191, 3, 180, 3, 163, 3, 153, 2, 138, 2, 128, 2, 113, 0, 101, 2, 91, 2, 80, 2, 69, 2, 59, 2, 48, 2, 37, 4, 27, 8, 17, 14, 8, 25, 3, 36, 0, 46, 0, 56, 0, 67, 2, 77, 5, 89, 9, 99, 12, 108, 17, 116, 23, 125, 31, 131, 40, 138, 48, 144, 56, 149, 65, 154, 77, 157, 88, 158, 100, 158, 111, 158, 121, 156, 131, 154, 142, 151, 152, 144, 161, 138, 169, 129, 175, 120, 181, 111, 186, 101, 190, 91, 191, 81, 192, 71, 193, 60, 194, 50, 194, 39, 193, 28, 193, 18, 192, 8, 192],
		"Sign": "P"
	}, {
		"Data": [148, 1, 137, 0, 126, 0, 116, 1, 106, 3, 89, 11, 77, 19, 67, 24, 58, 31, 50, 41, 41, 51, 34, 59, 28, 67, 21, 78, 16, 88, 11, 99, 7, 110, 4, 120, 1, 132, 0, 143, 0, 153, 0, 166, 0, 177, 0, 188, 1, 200, 3, 210, 7, 221, 14, 231, 20, 241, 27, 249, 35, 256, 43, 263, 51, 271, 60, 276, 68, 282, 77, 287, 85, 293, 94, 299, 106, 303, 116, 305, 126, 306, 138, 307, 149, 308, 160, 308, 171, 308, 182, 308, 192, 307, 202, 307, 214, 306, 225, 304, 235, 300, 245, 297, 258, 292, 267, 286, 276, 281, 284, 274, 293, 266, 300, 257, 306, 249, 312, 241, 317, 231, 321, 220, 324, 209, 326, 198, 327, 188, 327, 176, 327, 164, 327, 154, 327, 143, 327, 133, 326, 123, 323, 112, 320, 101, 315, 91, 309, 83, 303, 74, 297, 66, 291, 58, 284, 50, 278, 42, 270, 34, 262, 27, 253, 22, 244, 17, 234, 12, 223, 9, 212, 7, 202, 4, 192, 4, 182, 2, 172, 1, 162, 0],
		"Sign": "O"
	}, {
		"Data": [0, 279, 2, 266, 6, 251, 20, 214, 30, 190, 37, 176, 42, 165, 63, 121, 69, 109, 74, 97, 84, 78, 90, 62, 96, 50, 101, 41, 106, 30, 113, 19, 119, 9, 126, 0, 134, 10, 137, 20, 143, 32, 149, 46, 155, 59, 159, 70, 167, 87, 173, 99, 177, 109, 183, 119, 186, 129, 190, 141, 194, 153, 198, 164, 202, 174, 207, 185, 212, 196, 214, 206, 214, 195, 217, 184, 220, 173, 224, 162, 228, 150, 231, 139, 237, 125, 242, 113, 249, 97, 255, 86, 260, 74, 265, 62, 270, 50, 275, 39, 280, 30, 286, 20, 293, 12, 299, 4, 304, 16, 305, 26, 310, 39, 316, 48, 322, 61, 327, 73, 333, 89, 339, 104, 343, 115, 349, 127, 352, 137, 357, 147, 363, 161, 368, 173, 373, 185, 378, 194, 382, 206, 387, 219, 391, 230, 397, 238, 400, 248, 405, 259, 409, 269, 414, 279],
		"Sign": "M"
	}, {
		"Data": [0, 340, 0, 327, 0, 314, 2, 170, 2, 138, 4, 57, 4, 47, 6, 37, 10, 27, 15, 18, 23, 11, 34, 5, 48, 1, 60, 0, 73, 0, 84, 0, 96, 2, 107, 8, 114, 16, 120, 24, 126, 33, 132, 43, 138, 53, 140, 65, 139, 75, 137, 86, 136, 96, 130, 108, 123, 117, 116, 126, 108, 134, 99, 143, 89, 151, 78, 157, 68, 162, 55, 164, 44, 166, 34, 166, 24, 165, 14, 163, 4, 163, 14, 166, 24, 170, 35, 174, 45, 180, 56, 190, 66, 199, 75, 206, 84, 216, 92, 225, 101, 237, 107, 247, 113, 257, 121, 267, 129, 275, 133, 285, 141, 295, 144, 305, 147, 315, 150, 325, 153, 335, 155, 345],
		"Sign": "R"
	}, {
		"Data": [1, 312, 1, 301, 1, 291, 1, 278, 2, 226, 2, 213, 2, 192, 2, 173, 2, 162, 2, 147, 2, 133, 2, 115, 2, 104, 2, 87, 0, 73, 0, 61, 1, 49, 1, 39, 1, 29, 5, 18, 14, 10, 23, 4, 33, 0, 43, 0, 55, 0, 66, 0, 77, 0, 91, 4, 101, 8, 115, 11, 125, 16, 136, 24, 146, 33, 151, 42, 152, 52, 152, 63, 150, 73, 144, 83, 138, 94, 128, 104, 120, 111, 112, 119, 101, 125, 92, 131, 82, 136, 74, 142, 63, 145, 52, 148, 40, 150, 29, 150, 19, 150, 9, 150, 19, 151, 31, 151, 42, 151, 54, 152, 68, 154, 81, 157, 91, 159, 102, 163, 112, 169, 122, 174, 132, 184, 139, 194, 145, 202, 152, 213, 157, 222, 161, 234, 163, 245, 164, 256, 162, 268, 157, 278, 151, 287, 145, 295, 137, 302, 128, 307, 116, 310, 105, 313, 95, 313, 85, 314, 74, 314, 64, 314, 53, 314, 42, 314, 31, 314, 21, 314, 11, 314],
		"Sign": "B"
	}, {
		"Data": [3, 0, 2, 10, 2, 22, 2, 45, 2, 56, 2, 66, 2, 83, 2, 95, 2, 107, 2, 119, 2, 135, 2, 147, 2, 157, 2, 168, 2, 186, 2, 198, 2, 210, 3, 236, 3, 251, 3, 261, 3, 274, 3, 292, 3, 303, 2, 315, 1, 325, 1, 338, 1, 352, 2, 369, 2, 379, 3, 389, 2, 399, 0, 388, 0, 378, 0, 367, 1, 355, 1, 344, 2, 331, 3, 319, 3, 309, 4, 299, 4, 286, 4, 276, 6, 262, 11, 252, 13, 242, 18, 230, 24, 220, 31, 210, 39, 202, 47, 196, 57, 191, 66, 185, 76, 184, 86, 184, 97, 183, 108, 183, 120, 185, 131, 189, 141, 195, 149, 201, 157, 209, 165, 217, 170, 226, 177, 235, 178, 245, 180, 255, 182, 265, 182, 275, 183, 286, 183, 299, 183, 309, 182, 320, 182, 331, 182, 341, 182, 351, 182, 362, 182, 372, 181, 382, 180, 392, 180, 402],
		"Sign": "h"
	}, {
		"Data": [0, 1, 5, 11, 12, 24, 18, 35, 22, 45, 28, 54, 37, 68, 42, 77, 50, 89, 59, 102, 65, 114, 70, 123, 77, 136, 83, 144, 91, 154, 96, 163, 101, 173, 106, 182, 111, 192, 121, 185, 128, 175, 134, 165, 139, 154, 145, 144, 152, 132, 158, 122, 163, 113, 168, 104, 174, 91, 180, 82, 187, 71, 192, 62, 198, 54, 203, 63, 205, 73, 211, 85, 216, 94, 223, 105, 230, 116, 235, 126, 242, 137, 251, 148, 257, 156, 263, 167, 269, 175, 275, 184, 282, 192, 288, 202, 295, 194, 299, 184, 303, 171, 308, 158, 312, 147, 316, 131, 324, 114, 328, 103, 334, 93, 339, 83, 347, 71, 355, 61, 360, 51, 367, 41, 373, 33, 378, 21, 384, 10, 389, 0],
		"Sign": "W"
	}, {
		"Data": [11, 10, 21, 10, 31, 10, 41, 10, 51, 11, 61, 12, 72, 13, 82, 13, 92, 13, 102, 13, 112, 13, 124, 14, 134, 15, 126, 22, 117, 28, 101, 39, 92, 46, 83, 52, 74, 57, 65, 63, 55, 69, 41, 74, 31, 77, 21, 79, 31, 81, 41, 81, 55, 83, 66, 83, 76, 83, 87, 83, 97, 83, 107, 83, 117, 83, 127, 83, 137, 83, 147, 83],
		"Sign": "Z"
	}, {
		"Data": [1, 0, 1, 12, 1, 22, 1, 32, 1, 42, 0, 52, 0, 62, 10, 64, 23, 65, 33, 65, 43, 65, 56, 65, 66, 65, 76, 64, 87, 64, 97, 64, 107, 63, 108, 52, 109, 41, 110, 31, 110, 21, 110, 11, 102, 4, 92, 3, 82, 3, 72, 3, 62, 2, 52, 0, 40, 0, 30, 0, 20, 0, 10, 1],
		"Sign": "SQUARE"
	}, {
		"Data": [155, 17, 155, 27, 155, 39, 156, 49, 156, 59, 157, 71, 157, 81, 158, 91, 159, 101, 160, 111, 147, 115, 137, 115, 126, 115, 115, 115, 100, 115, 89, 115, 79, 115, 69, 115, 59, 115, 49, 115, 46, 105, 44, 95, 43, 85, 43, 74, 42, 64, 40, 54, 39, 44, 38, 34, 38, 24, 46, 18, 56, 16, 66, 13, 76, 12, 86, 11, 96, 11, 106, 11, 116, 11, 127, 10, 137, 9, 147, 9],
		"Sign": "SQUARE 2"
	}],
	"Hotkeys": [{
		"Actions": [
			["ScreenshotHQ", "ToFile", "DrawCursor|TransparencyGrid"]
		],
		"Keys": "Ctrl+PrtSc",
		"Valid": true
	}, {
		"Actions": [
			["Execute", "Typora.exe"]
		],
		"Keys": "Win+Alt+N",
		"Valid": true
	}, {
		"Actions": [
			["Explorer", "select", "%filepath%"]
		],
		"Keys": "Win+Alt+E",
		"Valid": true
	}, {
		"Actions": [
			["Execute", "Notepad.exe"]
		],
		"Keys": "Win+N",
		"Valid": true
	}],
	"IgnoreFullScreen": true,
	"Keycast": {
		"BackgroundColor": "#353535",
		"Fade": 5,
		"FontSize": 32,
		"IgnoreSingle": false,
		"Open": false,
		"Space": 50,
		"TextColor": "#FFFFFF",
		"TextShadowColor": "#141414",
		"X": 40,
		"Y": 84
	},
	"Language": "auto",
	"Locales": {
		"en-US": {
			"About": "About(&A)...",
			"Autorun": "Start on boot(&A)",
			"AutorunTips": "You are executing this software in the temporary folder. It is not recommended to enable the start on boot. \nIf you still want to start on boot, select Yes.",
			"CheckUpdate": "Check Update(&U)",
			"ExcludeTips": "Are you sure you want to exclude {0}?",
			"Exit": "Exit(&X)",
			"FailedTips": "An unknown error has occurred, please try again later",
			"Help": "Help(&H)",
			"Manual": "Manual(&M)...",
			"NewGesture": "Add new gesture",
			"NewGestureDesc": "Don't repeat existing gesture",
			"NewGestureName": "Name:",
			"NewGestureOK": "OK",
			"NoAction": "NoAction",
			"NoMatch": "NoMatch",
			"PermissionError": "The current directory cannot be written to the configuration file, and the program cannot be executed correctly!",
			"ReloadConfig": "Reload Config(&C)",
			"ReloadSucess": "The configuration file has been reloaded",
			"Settings": "Settings(&S)...",
			"SuccessTips": "The operation was successful (content has been copied to the clipboard)",
			"UpdateCheckError": "Check for update failed, please try again later",
			"UpdateCheckLatest": "Congratulations, you are using the latest version",
			"UpdateSuccess": "Congratulations you have updated to the new version {0}",
			"UpdateTips": "Found a new version: {0}\nUpdated content: {1}\n\nDo you want to update now?"
		},
		"zh-CN": {
			"About": "关于(&A)...",
			"Autorun": "开机启动(&A)",
			"AutorunTips": "您正在临时文件夹中运行本软件，不建议启用开机启动。\n如果您依然想要开机启动，请选择 是。",
			"CheckUpdate": "检查更新(&U)",
			"ExcludeTips": "你确定要排除 {0} 吗？",
			"Exit": "退出(&X)",
			"FailedTips": "发生未知错误，请稍候再试",
			"Help": "帮助(&H)",
			"Manual": "手册(&M)...",
			"NewGesture": "添加新手势",
			"NewGestureDesc": "注意不要和已有手势重复",
			"NewGestureName": "名称：",
			"NewGestureOK": "确定",
			"NoAction": "手势无动作",
			"NoMatch": "手势无匹配",
			"PermissionError": "当前目录无法写入配置文件，程序无法正确运行！",
			"ReloadConfig": "刷新配置(&C)",
			"ReloadSucess": "配置文件已经重新加载",
			"Settings": "打开设置(&S)...",
			"SuccessTips": "操作成功（内容已经复制到剪贴板）",
			"UpdateCheckError": "检查更新失败，请稍候再试",
			"UpdateCheckLatest": "恭喜，您使用的已经是最新版",
			"UpdateSuccess": "恭喜你已经更新到新版本{0}",
			"UpdateTips": "发现新版本：{0}\n更新内容：{1}\n\n是否立刻更新？"
		},
		"zh-TW": {
			"About": "關於(&A)...",
			"Autorun": "開機啟動(&A)",
			"AutorunTips": "您正在暫存資料夾中執行本軟體，不建議啟用開機啟動功能。\n如果您依然想要開機啟動，請選擇 是。",
			"CheckUpdate": "檢查更新(&U)",
			"ExcludeTips": "你確定要排除 {0} 嗎？",
			"Exit": "結束(&X)",
			"FailedTips": "發生未知錯誤，請稍候再試",
			"Help": "幫助(&H)",
			"Manual": "手冊(&M)...",
			"NewGesture": "添加新手勢",
			"NewGestureDesc": "注意不要和已有手勢重復",
			"NewGestureName": "名稱：",
			"NewGestureOK": "確定",
			"NoAction": "手勢無動作",
			"NoMatch": "無相符手勢",
			"PermissionError": "目前目錄無法寫入設定檔，程式無法正確執行！",
			"ReloadConfig": "刷新配置(&C)",
			"ReloadSucess": "配置文件已經重新加載",
			"Settings": "設定(&S)...",
			"SuccessTips": "操作成功（內容已經復制到剪貼板）",
			"UpdateCheckError": "檢查更新失敗，請稍候再試",
			"UpdateCheckLatest": "恭喜，您使用的已經是最新版",
			"UpdateSuccess": "恭喜你已經更新到新版本{0}",
			"UpdateTips": "發現新版本：{0}\n更新內容：{1}\n\n是否立刻更新？"
		}
	},
	"MatchCustom": [{
		"List": [{
			"Actions": [
				["SendKeys", "Home"]
			],
			"Name": "页面顶部",
			"Sign": "RIGHT-UP",
			"Valid": true
		}, {
			"Actions": [
				["SendKeys", "End"]
			],
			"Name": "页面底部",
			"Sign": "RIGHT-DOWN",
			"Valid": true
		}, {
			"Actions": [
				["SendKeys", "Ctrl+Shift+R"]
			],
			"Name": "刷新",
			"Sign": "DOWN-UP",
			"Valid": true
		}, {
			"Actions": [
				["SendKeys", "Ctrl+R"]
			],
			"Name": "强制刷新",
			"Sign": "UP-DOWN",
			"Valid": true
		}, {
			"Actions": [
				["SendKeys", "Ctrl+W"]
			],
			"Name": "关闭标签",
			"Sign": "DOWN-RIGHT",
			"Valid": true
		}, {
			"Actions": [
				["SendKeys", "Ctrl+PgDn"]
			],
			"Name": "切换到右侧标签",
			"Sign": "RIGHT-LEFT",
			"Valid": true
		}, {
			"Actions": [
				["SendKeys", "Ctrl+PgUp"]
			],
			"Name": "切换到左侧标签",
			"Sign": "LEFT-RIGHT",
			"Valid": true
		}, {
			"Actions": [
				["SendKeys", "Alt+Home"]
			],
			"Name": "打开主页",
			"Sign": "h",
			"Valid": true
		}],
		"Match": ["MicrosoftEdge.exe", "iexplore.exe", "msedge.exe", "safari.exe", "opera.exe", "qqbrowser.exe", "360chrome.exe"],
		"Name": "浏览器"
	}, {
		"List": [{
			"Actions": [
				["SendKeys", "Ctrl+Shift+N"]
			],
			"Name": "隐私窗口",
			"Sign": "P",
			"Valid": true
		}, {
			"Actions": [
				["PostMessage", "274", "40022"]
			],
			"Name": "扩展程序",
			"Sign": "R",
			"Valid": true
		}],
		"Match": ["Chrome.exe"],
		"Name": "Chrome"
	}, {
		"List": [{
			"Actions": [
				["SendKeys", "Ctrl+Shift+P"]
			],
			"Name": "隐私窗口",
			"Sign": "P",
			"Valid": true
		}],
		"Match": ["Firefox.exe"],
		"Name": "Firefox"
	}],
	"MatchGlobal": [{
		"Actions": [
			["SendKeys", "Ctrl+C"]
		],
		"Name": "复制",
		"Sign": "UP",
		"Valid": true
	}, {
		"Actions": [
			["SendKeys", "Ctrl+V"]
		],
		"Name": "粘贴",
		"Sign": "DOWN",
		"Valid": true
	}, {
		"Actions": [
			["SendKeys", "Forward"]
		],
		"Name": "前进",
		"Sign": "RIGHT",
		"Valid": true
	}, {
		"Actions": [
			["SendKeys", "Back"]
		],
		"Name": "后退",
		"Sign": "LEFT",
		"Valid": true
	}, {
		"Actions": [
			["SendKeys", "Ctrl+W"]
		],
		"Name": "关闭标签",
		"Sign": "DOWN-RIGHT",
		"Valid": true
	}, {
		"Actions": [
			["Window", "Close"]
		],
		"Name": "关闭窗口",
		"Sign": "DOWN-LEFT",
		"Valid": true
	}, {
		"Actions": [
			["Window", "Maximize"]
		],
		"Name": "窗口最大化/还原",
		"Sign": "/ UP",
		"Valid": true
	}, {
		"Actions": [
			["Window", "Minimize"]
		],
		"Name": "窗口最小化",
		"Sign": "/ DOWN",
		"Valid": true
	}, {
		"Actions": [
			["SendKeys", "Escape"]
		],
		"Name": "Esc",
		"Sign": "\\ UP",
		"Valid": true
	}, {
		"Actions": [
			["SendKeys", "Delete"]
		],
		"Name": "Del",
		"Sign": "\\ DOWN",
		"Valid": true
	}, {
		"Actions": [
			["SendKeys", "Ctrl+C"],
			["Execute", "https://www.baidu.com/s?ie=UTF-8&wd=%clipboard%"]
		],
		"Name": "搜索选中文字",
		"Sign": "S",
		"Valid": false
	}, {
		"Actions": [
			["SendKeys", "Ctrl+C"],
			["Execute", "cmd /k ping %clipboard%"]
		],
		"Name": "ping选中地址",
		"Sign": "P",
		"Valid": true
	}, {
		"Actions": [
			["Execute", "notepad.exe %systemroot%\\system32\\drivers\\etc\\hosts", "admin"]
		],
		"Name": "编辑hosts",
		"Sign": "h",
		"Valid": true
	}, {
		"Actions": [
			["Execute", "Calc"]
		],
		"Name": "打开计算器",
		"Sign": "C",
		"Valid": false
	}, {
		"Actions": [
			["Screenshot", "Reference"]
		],
		"Name": "截图参考",
		"Sign": "SQUARE",
		"Valid": true
	}, {
		"Actions": [
			["Screenshot", "OCR"]
		],
		"Name": "OCR",
		"Sign": "SQUARE 2",
		"Valid": true
	}, {
		"Actions": [
			["Internal", "Exit"]
		],
		"Name": "退出MouseInc",
		"Sign": "W",
		"Valid": true
	}, {
		"Actions": [
			["Internal", "Exclude"]
		],
		"Name": "排除当前程序",
		"Sign": "Z",
		"Valid": true
	}, {
		"Actions": [
			["Internal", "Settings"]
		],
		"Name": "设置MouseInc",
		"Sign": "M",
		"Valid": true
	}, {
		"Actions": [
			["Execute", "notepad.exe %appdir%\\MouseInc.json", "wait"],
			["Internal", "Reload"]
		],
		"Name": "设置MouseInc",
		"Sign": "M",
		"Valid": false
	}, {
		"Actions": [
			["SendKeys", "Ctrl+N"]
		],
		"Name": "新标签页",
		"Sign": "RIGHT-DOWN",
		"Valid": true
	}, {
		"Actions": [
			["SendKeys", "Ctrl+C"],
			["Execute", "https://www.google.com/search?hl=zh-CN&lr=lang_zh-CN&q=%clipboard%"]
		],
		"Name": "搜索选中文字",
		"Sign": "S",
		"Valid": true
	}],
	"MouseGesture": {
		"AddMode": false,
		"DrawColor": "#0065FF",
		"DrawResult": true,
		"DrawTrace": true,
		"FailColor": "#0065FF",
		"Open": true,
		"RestoreEvent": false,
		"Sensitive": 50,
		"StartDistance": 10,
		"Timeout": 1000,
		"TraceArrow": false,
		"TraceWidth": 3,
		"WheelSwitch": true
	},
	"ShowTrayIcon": true,
	"VolumeControlSound": false,
	"WheelAltControl": false,
	"WheelEdge": {
		"Bottom": {
			"DownActions": [
				["SendKeys", "Ctrl+Shift+Tab"]
			],
			"Name": "程序切换",
			"PressActions": [
				["SendKeys", "Space"]
			],
			"UpActions": [
				["SendKeys", "Ctrl+Alt+Tab"]
			],
			"Valid": true
		},
		"Left": {
			"DownActions": [
				["SendKeys", "VolumeDown"]
			],
			"Name": "音量调节",
			"PressActions": [
				["SendKeys", "VolumeMute"]
			],
			"UpActions": [
				["SendKeys", "VolumeUp"]
			],
			"Valid": true
		},
		"Open": true,
		"Right": {
			"DownActions": [
				["SendKeys", "VolumeDown"]
			],
			"Name": "音量调节",
			"PressActions": [
				["SendKeys", "VolumeMute"]
			],
			"UpActions": [
				["SendKeys", "VolumeUp"]
			],
			"Valid": false
		},
		"Top": {
			"DownActions": [
				["SendKeys", "Ctrl+PgUp"]
			],
			"Name": "标签页切换",
			"PressActions": [],
			"UpActions": [
				["SendKeys", "Ctrl+PgDn"]
			],
			"Valid": true
		}
	},
	"WheelNatural": false,
	"WheelThrough": false
}